{
  "version": 1,
  "author": "Harsha Royal",
  "editor": "wokwi",
  "parts": [
    { "type": "wokwi-arduino-uno", "id": "uno", "top": 58, "left": -24, "attrs": {} },
    { "type": "wokwi-hc-sr04", "id": "ultrasonic1", "top": -124.24, "left": 50.56, "attrs": {} },
    {
      "type": "wokwi-led",
      "id": "led1",
      "top": -83.33,
      "left": -85.13,
      "attrs": { "color": "red" }
    }
  ],
  "connections": [
    [ "ultrasonic1:VCC", "uno:3.3V", "red", [ "v230.3", "h-30.87" ] ],
    [ "ultrasonic1:GND", "uno:GND.3", "black", [ "v232.97", "h-35.53" ] ],
    [ "uno:2", "ultrasonic1:ECHO", "green", [ "v0" ] ],
    [ "uno:3", "ultrasonic1:TRIG", "green", [ "v-47.1", "h-35.33" ] ],
    [ "led1:C", "uno:GND.1", "green", [ "v0" ] ],
    [ "led1:A", "uno:7", "green", [ "v0" ] ]
  ],
  "dependencies": {}
}